INSERT INTO employees (id, username, email, password_hash, is_admin, created_by, deleted_at)
VALUES
('10000000000000000000000000000001', 'vladislav_válek', 'vladislav.valek@mgvsetin.cz', '$argon2id$v=19$m=65536,t=3,p=2$HaqrwxL5kzBuWb6s+GVqKg$PmUeF6KsUupww8J9JT/Wpea73/wqqvpMAxnF/z7hFxo', TRUE, NULL, NULL),
('10000000000000000000000000000002', 'Ředitel', 'reditel@mgvsetin.cz', '$argon2id$v=19$m=65536,t=3,p=2$HaqrwxL5kzBuWb6s+GVqKg$PmUeF6KsUupww8J9JT/Wpea73/wqqvpMAxnF/z7hFxo', TRUE, NULL, NULL),

('10000000000000000000000000000003', 'kateřina_haganová', 'katerina.haganova@mgvsetin.cz', '$argon2id$v=19$m=65536,t=3,p=2$HaqrwxL5kzBuWb6s+GVqKg$PmUeF6KsUupww8J9JT/Wpea73/wqqvpMAxnF/z7hFxo', FALSE, '10000000000000000000000000000001', NULL),
('10000000000000000000000000000004', 'jana_kinclová', 'jana.kinclova@mgvsetin.cz', '$argon2id$v=19$m=65536,t=3,p=2$HaqrwxL5kzBuWb6s+GVqKg$PmUeF6KsUupww8J9JT/Wpea73/wqqvpMAxnF/z7hFxo', FALSE, '10000000000000000000000000000002', NULL),

('10000000000000000000000000000006', 'vojtěch_vyroubal', 'vojtech.vyroubal@student.mgvsetin.cz', '$argon2id$v=19$m=65536,t=3,p=2$HaqrwxL5kzBuWb6s+GVqKg$PmUeF6KsUupww8J9JT/Wpea73/wqqvpMAxnF/z7hFxo', FALSE, '10000000000000000000000000000001', NULL),
('10000000000000000000000000000007', 'dominik_bálan', 'dominik.balan@mgvsetin.cz', '$argon2id$v=19$m=65536,t=3,p=2$HaqrwxL5kzBuWb6s+GVqKg$PmUeF6KsUupww8J9JT/Wpea73/wqqvpMAxnF/z7hFxo', FALSE, '10000000000000000000000000000001', NULL),
('10000000000000000000000000000008', 'jan_legát', 'jan.legat@student.mgvsetin.cz', '$argon2id$v=19$m=65536,t=3,p=2$HaqrwxL5kzBuWb6s+GVqKg$PmUeF6KsUupww8J9JT/Wpea73/wqqvpMAxnF/z7hFxo', FALSE, '10000000000000000000000000000001', NULL),

('10000000000000000000000000000009', 'josef_kovář', 'josef.kovar@student.mgvsetin.cz', '$argon2id$v=19$m=65536,t=3,p=2$HaqrwxL5kzBuWb6s+GVqKg$PmUeF6KsUupww8J9JT/Wpea73/wqqvpMAxnF/z7hFxo', FALSE, '10000000000000000000000000000001', NULL),
('10000000000000000000000000000010', 'martin_svoboda', 'martin.svoboda@student.mgvsetin.cz', '$argon2id$v=19$m=65536,t=3,p=2$HaqrwxL5kzBuWb6s+GVqKg$PmUeF6KsUupww8J9JT/Wpea73/wqqvpMAxnF/z7hFxo', FALSE, '10000000000000000000000000000001', NULL),
('10000000000000000000000000000011', 'vojta_duffek', 'vojtech.duffek@student.mgvsetin.cz', '$argon2id$v=19$m=65536,t=3,p=2$HaqrwxL5kzBuWb6s+GVqKg$PmUeF6KsUupww8J9JT/Wpea73/wqqvpMAxnF/z7hFxo', FALSE, '10000000000000000000000000000001', NULL),
('10000000000000000000000000000012', 'katerina_havlova', 'katerina.havlova@gmail.com', '$argon2id$v=19$m=65536,t=3,p=2$HaqrwxL5kzBuWb6s+GVqKg$PmUeF6KsUupww8J9JT/Wpea73/wqqvpMAxnF/z7hFxo', FALSE, '10000000000000000000000000000001', NULL),

('10000000000000000000000000000013', 'štěpán_vrána', 'Stepan.Vrana@student.mgvsetin.cz', '$argon2id$v=19$m=65536,t=3,p=2$HaqrwxL5kzBuWb6s+GVqKg$PmUeF6KsUupww8J9JT/Wpea73/wqqvpMAxnF/z7hFxo', FALSE, '10000000000000000000000000000001', NULL),

('10000000000000000000000000000014', 'pavel_hrnčiřík', 'pavel.hrncirik@mgvsetin.cz', '$argon2id$v=19$m=65536,t=3,p=2$HaqrwxL5kzBuWb6s+GVqKg$PmUeF6KsUupww8J9JT/Wpea73/wqqvpMAxnF/z7hFxo', TRUE, NULL, '2025-10-16 20:58:08.485849+0'),
('10000000000000000000000000000015', 'hana_studenská', 'hana.studenska@mgvsetin.cz', '$argon2id$v=19$m=65536,t=3,p=2$HaqrwxL5kzBuWb6s+GVqKg$PmUeF6KsUupww8J9JT/Wpea73/wqqvpMAxnF/z7hFxo', FALSE, '10000000000000000000000000000001', '2025-10-16 20:58:08.485849+0'),
('10000000000000000000000000000016', 'alena_horakova', 'alena.horakova@mgvsetin.cz', '$argon2id$v=19$m=65536,t=3,p=2$HaqrwxL5kzBuWb6s+GVqKg$PmUeF6KsUupww8J9JT/Wpea73/wqqvpMAxnF/z7hFxo', FALSE, '10000000000000000000000000000001', '2025-10-16 20:58:08.485849+0');

INSERT INTO events (id, name, start_at, end_at, created_by)
VALUES
('30000000000000000000000000000001', 'Zahradní slavnost 2026', '2025-8-16 20:40:55+00:00', '2026-11-16 20:40:55+00:00', '10000000000000000000000000000001'),
('30000000000000000000000000000002', 'Letní festival', '2025-9-16 20:40:55+00:00', '2026-10-16 20:40:55+00:00', '10000000000000000000000000000001'),
('30000000000000000000000000000003', 'Vánoční jarmark', '2025-10-16 20:40:55+00:00', '2026-9-16 20:40:55+00:00', '10000000000000000000000000000001'),
('30000000000000000000000000000004', 'Jarní slavnosti', '2026-12-16 20:40:55+00:00', '2027-11-16 20:40:55+00:00', '10000000000000000000000000000001'),
('30000000000000000000000000000005', 'Zahradní slavnost 2025', '2023-10-16 20:40:55+00:00', now() + INTERVAL '2 seconds', '10000000000000000000000000000001'),
('30000000000000000000000000000006', 'Městské slavnosti', '2026-11-16 20:40:55+00:00', '2027-12-16 20:40:55+00:00', '10000000000000000000000000000001'),
('30000000000000000000000000000007', 'Letní kino 2023', '2023-9-16 20:40:55+00:00', now() + INTERVAL '4 seconds', '10000000000000000000000000000001');

INSERT INTO events (id, name, start_at, end_at, created_by, deleted_at)
VALUES
('30000000000000000000000000000008', 'Zrušená akce', '2025-8-16 20:40:55+00:00', '2026-11-16 20:40:55+00:00', '10000000000000000000000000000001', now());

INSERT INTO booths (id, name, event_id, booth_type, created_by)
VALUES
('40000000000000000000000000000001', 'Pokladna vchod', '30000000000000000000000000000001', 'cashier', '10000000000000000000000000000001'),
('40000000000000000000000000000002', 'Pokladna východ', '30000000000000000000000000000001', 'cashier', '10000000000000000000000000000001'),

('40000000000000000000000000000003', 'Občerstvení', '30000000000000000000000000000001', 'seller', '10000000000000000000000000000001'),
('40000000000000000000000000000004', 'Grill', '30000000000000000000000000000001', 'seller', '10000000000000000000000000000001'),
('40000000000000000000000000000005', 'Nápoje', '30000000000000000000000000000001', 'seller', '10000000000000000000000000000001'),
('40000000000000000000000000000006', 'Cukrárna', '30000000000000000000000000000001', 'seller', '10000000000000000000000000000001'),

('40000000000000000000000000000007', 'Pokladna', '30000000000000000000000000000002', 'cashier', '10000000000000000000000000000001'),

('40000000000000000000000000000008', 'Stánek s jídlem', '30000000000000000000000000000002', 'seller', '10000000000000000000000000000001');

INSERT INTO booths (id, name, event_id, booth_type, created_by, deleted_at)
VALUES
('40000000000000000000000000000009', 'Smazaný stánek', '30000000000000000000000000000001', 'seller', '10000000000000000000000000000001', now());

INSERT INTO product_images (id, image_path, image_filename, image_mime_type, image_size_bytes, image_width, image_height)
VALUES
('02000000000000000000000000000001', 'hamburger1.png', 'hamburger1.png', 'image/png', 54289, 225, 225),
('02000000000000000000000000000002', 'hamburger2.png', 'hamburger2.png', 'image/png', 1882222, 1500, 1125),
('02000000000000000000000000000003', 'hamburger3.png', 'hamburger3.png', 'image/png', 5308416, 1440, 2465),
('02000000000000000000000000000004', 'kofola.png', 'kofola.png', 'image/png', 163383, 250, 333),
('02000000000000000000000000000005', 'rohlik.png', 'rohlik.png', 'image/png', 53810, 250, 177),
('02000000000000000000000000000006', 'hranolky.png', 'hranolky.png', 'image/png', 1068348, 900, 1125),
('02000000000000000000000000000007', 'kecup.png', 'kecup.png', 'image/png', 265910, 503, 671);

INSERT INTO products (id, event_id, name, price, image_id)
VALUES
('20000000000000000000000000000001', '30000000000000000000000000000001', 'Hamburger', 89, '02000000000000000000000000000001'),
('20000000000000000000000000000002', '30000000000000000000000000000001', 'Steak', 159, NULL),
('20000000000000000000000000000003', '30000000000000000000000000000001', 'Párek v rohlíku', 45, NULL),
('20000000000000000000000000000004', '30000000000000000000000000000001', 'Hranolky', 55, '02000000000000000000000000000006'),
('20000000000000000000000000000005', '30000000000000000000000000000001', 'Kofola', 35, '02000000000000000000000000000004'),
('20000000000000000000000000000006', '30000000000000000000000000000002', 'Rohlík s máslem', 15, '02000000000000000000000000000005'),
('20000000000000000000000000000007', '30000000000000000000000000000001', 'Klobása', 65, NULL),
('20000000000000000000000000000008', '30000000000000000000000000000002', 'Párek v rohlíku', 35, NULL),
('20000000000000000000000000000009', '30000000000000000000000000000001', 'Palačinka', 50, NULL),
('20000000000000000000000000000010', '30000000000000000000000000000001', 'Vrátit kelímek', -10, NULL),
('20000000000000000000000000000011', '30000000000000000000000000000001', 'Pivo', 45, NULL),
('20000000000000000000000000000012', '30000000000000000000000000000001', 'Limonáda', 30, NULL),
('20000000000000000000000000000013', '30000000000000000000000000000002', 'Kofola', 35, '02000000000000000000000000000004'),
('20000000000000000000000000000014', '30000000000000000000000000000001', 'Kečup', 10, '02000000000000000000000000000007');

INSERT INTO product_booth_link (product_id, booth_id)
VALUES
('20000000000000000000000000000001', '40000000000000000000000000000004'),
('20000000000000000000000000000002', '40000000000000000000000000000004'),
('20000000000000000000000000000003', '40000000000000000000000000000003'),
('20000000000000000000000000000003', '40000000000000000000000000000004'),
('20000000000000000000000000000004', '40000000000000000000000000000004'),
('20000000000000000000000000000005', '40000000000000000000000000000003'),
('20000000000000000000000000000005', '40000000000000000000000000000004'),
('20000000000000000000000000000005', '40000000000000000000000000000005'),
('20000000000000000000000000000006', '40000000000000000000000000000008'),
('20000000000000000000000000000007', '40000000000000000000000000000003'),
('20000000000000000000000000000007', '40000000000000000000000000000004'),
('20000000000000000000000000000008', '40000000000000000000000000000008'),
('20000000000000000000000000000009', '40000000000000000000000000000003'),
('20000000000000000000000000000009', '40000000000000000000000000000006'),
('20000000000000000000000000000010', '40000000000000000000000000000003'),
('20000000000000000000000000000010', '40000000000000000000000000000004'),
('20000000000000000000000000000010', '40000000000000000000000000000005'),
('20000000000000000000000000000011', '40000000000000000000000000000005'),
('20000000000000000000000000000012', '40000000000000000000000000000003'),
('20000000000000000000000000000012', '40000000000000000000000000000005'),
('20000000000000000000000000000013', '40000000000000000000000000000008'),
('20000000000000000000000000000014', '40000000000000000000000000000004');

INSERT INTO categories (id, name, event_id)
VALUES
('90000000000000000000000000000001', 'Jídlo', '30000000000000000000000000000001'),
('90000000000000000000000000000002', 'Burgery', '30000000000000000000000000000001'),
('90000000000000000000000000000003', 'Nápoje', '30000000000000000000000000000001'),
('90000000000000000000000000000004', 'Pečivo', '30000000000000000000000000000001'),
('90000000000000000000000000000005', 'Jídlo', '30000000000000000000000000000002'),
('90000000000000000000000000000006', 'Grilované', '30000000000000000000000000000001'),
('90000000000000000000000000000007', 'Dezerty', '30000000000000000000000000000001');

INSERT INTO category_booth_link (category_id, booth_id)
VALUES
('90000000000000000000000000000001', '40000000000000000000000000000003'),
('90000000000000000000000000000001', '40000000000000000000000000000004'),
('90000000000000000000000000000002', '40000000000000000000000000000003'),
('90000000000000000000000000000003', '40000000000000000000000000000003'),
('90000000000000000000000000000003', '40000000000000000000000000000005'),
('90000000000000000000000000000004', '40000000000000000000000000000003'),
('90000000000000000000000000000005', '40000000000000000000000000000008'),
('90000000000000000000000000000006', '40000000000000000000000000000003'),
('90000000000000000000000000000006', '40000000000000000000000000000004'),
('90000000000000000000000000000007', '40000000000000000000000000000003'),
('90000000000000000000000000000007', '40000000000000000000000000000006');

INSERT INTO category_product_link (category_id, product_id)
VALUES
('90000000000000000000000000000001', '20000000000000000000000000000001'),
('90000000000000000000000000000001', '20000000000000000000000000000003'),
('90000000000000000000000000000001', '20000000000000000000000000000007'),
('90000000000000000000000000000002', '20000000000000000000000000000001'),
('90000000000000000000000000000003', '20000000000000000000000000000005'),
('90000000000000000000000000000003', '20000000000000000000000000000011'),
('90000000000000000000000000000003', '20000000000000000000000000000012'),
('90000000000000000000000000000004', '20000000000000000000000000000003'),
('90000000000000000000000000000005', '20000000000000000000000000000006'),
('90000000000000000000000000000005', '20000000000000000000000000000008'),
('90000000000000000000000000000006', '20000000000000000000000000000007'),
('90000000000000000000000000000006', '20000000000000000000000000000002'),
('90000000000000000000000000000007', '20000000000000000000000000000009');

INSERT INTO employee_event_booth_roles (id, employee_id, event_id, booth_id)
VALUES
('50000000000000000000000000000001', '10000000000000000000000000000003', '30000000000000000000000000000001', NULL),
('50000000000000000000000000000002', '10000000000000000000000000000004', '30000000000000000000000000000001', NULL),

('50000000000000000000000000000004', '10000000000000000000000000000006', '30000000000000000000000000000001', '40000000000000000000000000000001'),
('50000000000000000000000000000005', '10000000000000000000000000000007', '30000000000000000000000000000001', '40000000000000000000000000000001'),
('50000000000000000000000000000006', '10000000000000000000000000000007', '30000000000000000000000000000001', '40000000000000000000000000000002'),
('50000000000000000000000000000007', '10000000000000000000000000000008', '30000000000000000000000000000001', '40000000000000000000000000000001'),
('50000000000000000000000000000008', '10000000000000000000000000000008', '30000000000000000000000000000002', '40000000000000000000000000000007'),

('50000000000000000000000000000009', '10000000000000000000000000000009', '30000000000000000000000000000001', '40000000000000000000000000000003'),
('50000000000000000000000000000010', '10000000000000000000000000000010', '30000000000000000000000000000001', '40000000000000000000000000000003'),
('50000000000000000000000000000011', '10000000000000000000000000000011', '30000000000000000000000000000001', '40000000000000000000000000000005'),
('50000000000000000000000000000012', '10000000000000000000000000000011', '30000000000000000000000000000001', '40000000000000000000000000000006'),
('50000000000000000000000000000013', '10000000000000000000000000000012', '30000000000000000000000000000002', '40000000000000000000000000000008'),

('50000000000000000000000000000014', '10000000000000000000000000000013', '30000000000000000000000000000001', '40000000000000000000000000000003'),
('50000000000000000000000000000015', '10000000000000000000000000000013', '30000000000000000000000000000001', '40000000000000000000000000000001');

INSERT INTO users (id, first_name, last_name, email, phone_number, other_identifier)
VALUES
('01000000000000000000000000000001', 'tobiáš', 'Filgas', 'tobias.filgas@student.mgvsetin.cz', NULL, NULL),
('01000000000000000000000000000002', 'Thomas', 'Muijsenberg', 'thomas.muijsenberg@student.mgvsetin.cz', '+420775937283', NULL),
('01000000000000000000000000000003', 'Ondřej', 'Procházka', 'Ondrej.Prochazka@student.mgvsetin.cz', NULL, NULL),
('01000000000000000000000000000004', 'Peter', 'Pincosy', NULL, NULL, 'Učitel angličtiny na Masarykově gymnáziu Vsetín'),
('01000000000000000000000000000005', 'erik', 'muijsenberg', 'erik.muijsenberg@gsl.cz', NULL, NULL);

INSERT INTO wallets (id, event_id, tag_id, owner_id, balance_czk, created_by)
VALUES
('80000000000000000000000000000001', '30000000000000000000000000000001', '00A713A700000000','01000000000000000000000000000001', 0, '10000000000000000000000000000003'),
('80000000000000000000000000000002', '30000000000000000000000000000001', '00B824B800000000','01000000000000000000000000000002', 0, '10000000000000000000000000000003'),
('80000000000000000000000000000003', '30000000000000000000000000000001', '00C935C900000000','01000000000000000000000000000003', 0, '10000000000000000000000000000003'),
('80000000000000000000000000000004', '30000000000000000000000000000002', '00D046DA00000000','01000000000000000000000000000004', 0, '10000000000000000000000000000003'),
('80000000000000000000000000000005', '30000000000000000000000000000001', '005AC02800000000','01000000000000000000000000000005', 0, '10000000000000000000000000000003'),
('80000000000000000000000000000006', '30000000000000000000000000000002', '005AC02800000000','01000000000000000000000000000005', 0, '10000000000000000000000000000003');

-- Transactions ordered by occurred_at (INSERT order matters for trigger balance computation)
-- Wallet 80...01 (Tobiáš, event1, tag 00A713A700000000): +500, -89, -70, -100 → final 241
-- Wallet 80...02 (Thomas, event1, tag 00B824B800000000): +1000, -135, -45 → final 820
-- Wallet 80...03 (Ondřej, event1, tag 00C935C900000000): +500, -89, -55, +89(refund), -65, -35 → final 345
-- Wallet 80...04 (Peter, event2, tag 00D046DA00000000): +200, -35 → final 165
-- Wallet 80...05 (Erik, event1, tag 005AC02800000000): +800, -139 → final 661
-- Wallet 80...06 (Erik, event2, tag 005AC02800000000): +400, -35 → final 365
INSERT INTO transactions (id, tag_id, wallet_id, user_id, event_id, booth_id, transaction_type, amount_czk, balance_before, balance_after, occurred_at, performed_by, products_info, refunded_transaction_id, idempotency_key, request_fingerprint)
VALUES
-- 1) -5h: Ondřej deposits 500 CZK at Pokladna 1
(
  '03000000000000000000000000000001',
  '00C935C900000000',
  '80000000000000000000000000000003',
  '01000000000000000000000000000003',
  '30000000000000000000000000000001',
  '40000000000000000000000000000001',
  'balance-change',
  500,
  0, 500,
  now() - INTERVAL '5 hours',
  '10000000000000000000000000000006',
  '[]',
  NULL,
  '1',
  'rf-deposit-8003-500'
),
-- 2) -4h30m: Thomas deposits 1000 CZK at Pokladna 1
(
  '03000000000000000000000000000002',
  '00B824B800000000',
  '80000000000000000000000000000002',
  '01000000000000000000000000000002',
  '30000000000000000000000000000001',
  '40000000000000000000000000000001',
  'balance-change',
  1000,
  0, 1000,
  now() - INTERVAL '4 hours 30 minutes',
  '10000000000000000000000000000006',
  '[]',
  NULL,
  '2',
  'rf-deposit-8002-1000'
),
-- 3) -4h: Tobiáš deposits 500 CZK at Pokladna 1
(
  '03000000000000000000000000000003',
  '00A713A700000000',
  '80000000000000000000000000000001',
  '01000000000000000000000000000001',
  '30000000000000000000000000000001',
  '40000000000000000000000000000001',
  'balance-change',
  500,
  0, 500,
  now() - INTERVAL '4 hours',
  '10000000000000000000000000000007',
  '[]',
  NULL,
  '3',
  'rf-deposit-8001-500'
),
-- 4) -3h30m: Erik deposits 800 CZK at Pokladna 2
(
  '03000000000000000000000000000004',
  '005AC02800000000',
  '80000000000000000000000000000005',
  '01000000000000000000000000000005',
  '30000000000000000000000000000001',
  '40000000000000000000000000000002',
  'balance-change',
  800,
  0, 800,
  now() - INTERVAL '3 hours 30 minutes',
  '10000000000000000000000000000007',
  '[]',
  NULL,
  '4',
  'rf-deposit-8005-800'
),
-- 5) -3h: Ondřej pays 89 CZK (1x Hamburger @89) at Občerstvení
(
  '03000000000000000000000000000005',
  '00C935C900000000',
  '80000000000000000000000000000003',
  '01000000000000000000000000000003',
  '30000000000000000000000000000001',
  '40000000000000000000000000000003',
  'payment',
  -89,
  500, 411,
  now() - INTERVAL '3 hours',
  '10000000000000000000000000000009',
  '[{"id":"20000000000000000000000000000001","name":"Hamburger","price":89,"quantity":1,"categories":[],"image_path":"/uploads/products/hamburger1.png"}]',
  NULL,
  '5',
  'rf-payment-8003-089'
),
-- 6) -2h45m: Ondřej pays 55 CZK (1x Hranolky @55) at Grill
(
  '03000000000000000000000000000006',
  '00C935C900000000',
  '80000000000000000000000000000003',
  '01000000000000000000000000000003',
  '30000000000000000000000000000001',
  '40000000000000000000000000000004',
  'payment',
  -55,
  411, 356,
  now() - INTERVAL '2 hours 45 minutes',
  '10000000000000000000000000000003',
  '[{"id":"20000000000000000000000000000004","name":"Hranolky","price":55,"quantity":1,"categories":[],"image_path":"/uploads/products/hamburger3.png"}]',
  NULL,
  '6',
  'rf-payment-8003-055'
),
-- 7) -2h30m: Thomas pays 135 CZK (3x Párek v rohlíku @45) at Občerstvení
(
  '03000000000000000000000000000007',
  '00B824B800000000',
  '80000000000000000000000000000002',
  '01000000000000000000000000000002',
  '30000000000000000000000000000001',
  '40000000000000000000000000000003',
  'payment',
  -135,
  1000, 865,
  now() - INTERVAL '2 hours 30 minutes',
  '10000000000000000000000000000009',
  '[{"id":"20000000000000000000000000000003","name":"Párek v rohlíku","price":45,"quantity":3,"categories":[],"image_path":"/uploads/products/hamburger2.png"}]',
  NULL,
  '7',
  'rf-payment-8002-135'
),
-- 8) -2h15m: Ondřej refund of tx5 (+89 CZK, 1x Hamburger) at Občerstvení
(
  '03000000000000000000000000000008',
  '00C935C900000000',
  '80000000000000000000000000000003',
  '01000000000000000000000000000003',
  '30000000000000000000000000000001',
  '40000000000000000000000000000003',
  'refund',
  89,
  356, 445,
  now() - INTERVAL '2 hours 15 minutes',
  '10000000000000000000000000000009',
  '[{"id":"20000000000000000000000000000001","name":"Hamburger","price":89,"quantity":1,"categories":[],"image_path":"/uploads/products/hamburger1.png"}]',
  '03000000000000000000000000000005',
  '8',
  'rf-refund-8003-089'
),
-- 9) -2h: Tobiáš pays 89 CZK (1x Hamburger @89) at Občerstvení
(
  '03000000000000000000000000000009',
  '00A713A700000000',
  '80000000000000000000000000000001',
  '01000000000000000000000000000001',
  '30000000000000000000000000000001',
  '40000000000000000000000000000003',
  'payment',
  -89,
  500, 411,
  now() - INTERVAL '2 hours',
  '10000000000000000000000000000010',
  '[{"id":"20000000000000000000000000000001","name":"Hamburger","price":89,"quantity":1,"categories":[],"image_path":"/uploads/products/hamburger1.png"}]',
  NULL,
  '9',
  'rf-payment-8001-089'
),
-- 10) -1h45m: Peter deposits 200 CZK at Pokladna (event 2)
(
  '03000000000000000000000000000010',
  '00D046DA00000000',
  '80000000000000000000000000000004',
  '01000000000000000000000000000004',
  '30000000000000000000000000000002',
  '40000000000000000000000000000007',
  'balance-change',
  200,
  0, 200,
  now() - INTERVAL '1 hour 45 minutes',
  '10000000000000000000000000000008',
  '[]',
  NULL,
  '10',
  'rf-deposit-8004-200'
),
-- 11) -1h30m: Ondřej pays 65 CZK (1x Klobása @65) at Občerstvení
(
  '03000000000000000000000000000011',
  '00C935C900000000',
  '80000000000000000000000000000003',
  '01000000000000000000000000000003',
  '30000000000000000000000000000001',
  '40000000000000000000000000000003',
  'payment',
  -65,
  445, 380,
  now() - INTERVAL '1 hour 30 minutes',
  '10000000000000000000000000000009',
  '[{"id":"20000000000000000000000000000007","name":"Klobása","price":65,"quantity":1,"categories":[],"image_path":"/uploads/products/hamburger2.png"}]',
  NULL,
  '11',
  'rf-payment-8003-065'
),
-- 12) -1h15m: Erik pays 139 CZK (1x Hamburger @89 + 1x Palačinka @50) at Občerstvení
(
  '03000000000000000000000000000012',
  '005AC02800000000',
  '80000000000000000000000000000005',
  '01000000000000000000000000000005',
  '30000000000000000000000000000001',
  '40000000000000000000000000000003',
  'payment',
  -139,
  800, 661,
  now() - INTERVAL '1 hour 15 minutes',
  '10000000000000000000000000000010',
  '[{"id":"20000000000000000000000000000001","name":"Hamburger","price":89,"quantity":1,"categories":[],"image_path":"/uploads/products/hamburger1.png"},{"id":"20000000000000000000000000000009","name":"Palačinka","price":50,"quantity":1,"categories":[],"image_path":null}]',
  NULL,
  '12',
  'rf-payment-8005-139'
),
-- 13) -1h: Peter pays 35 CZK (1x Párek v rohlíku @35) at Stánek s jídlem (event 2)
(
  '03000000000000000000000000000013',
  '00D046DA00000000',
  '80000000000000000000000000000004',
  '01000000000000000000000000000004',
  '30000000000000000000000000000002',
  '40000000000000000000000000000008',
  'payment',
  -35,
  200, 165,
  now() - INTERVAL '1 hour',
  '10000000000000000000000000000012',
  '[{"id":"20000000000000000000000000000008","name":"Párek v rohlíku","price":35,"quantity":1,"categories":[],"image_path":"/uploads/products/hamburger2.png"}]',
  NULL,
  '13',
  'rf-payment-8004-035'
),
-- 14) -45m: Tobiáš pays 70 CZK (2x Kofola @35) at Občerstvení
(
  '03000000000000000000000000000014',
  '00A713A700000000',
  '80000000000000000000000000000001',
  '01000000000000000000000000000001',
  '30000000000000000000000000000001',
  '40000000000000000000000000000003',
  'payment',
  -70,
  411, 341,
  now() - INTERVAL '45 minutes',
  '10000000000000000000000000000009',
  '[{"id":"20000000000000000000000000000005","name":"Kofola","price":35,"quantity":2,"categories":[],"image_path":"/uploads/products/kofola.png"}]',
  NULL,
  '14',
  'rf-payment-8001-070'
),
-- 15) -30m: Thomas pays 45 CZK (1x Pivo @45) at Občerstvení
(
  '03000000000000000000000000000015',
  '00B824B800000000',
  '80000000000000000000000000000002',
  '01000000000000000000000000000002',
  '30000000000000000000000000000001',
  '40000000000000000000000000000003',
  'payment',
  -45,
  865, 820,
  now() - INTERVAL '30 minutes',
  '10000000000000000000000000000010',
  '[{"id":"20000000000000000000000000000011","name":"Pivo","price":45,"quantity":1,"categories":[],"image_path":null}]',
  NULL,
  '15',
  'rf-payment-8002-045'
),
-- 16) -20m: Erik deposits 400 CZK at Pokladna (event 2)
(
  '03000000000000000000000000000016',
  '005AC02800000000',
  '80000000000000000000000000000006',
  '01000000000000000000000000000005',
  '30000000000000000000000000000002',
  '40000000000000000000000000000007',
  'balance-change',
  400,
  0, 400,
  now() - INTERVAL '20 minutes',
  '10000000000000000000000000000008',
  '[]',
  NULL,
  '16',
  'rf-deposit-8006-400'
),
-- 17) -15m: Erik pays 35 CZK (1x Kofola @35) at Stánek s jídlem (event 2)
(
  '03000000000000000000000000000017',
  '005AC02800000000',
  '80000000000000000000000000000006',
  '01000000000000000000000000000005',
  '30000000000000000000000000000002',
  '40000000000000000000000000000008',
  'payment',
  -35,
  400, 365,
  now() - INTERVAL '15 minutes',
  '10000000000000000000000000000012',
  '[{"id":"20000000000000000000000000000013","name":"Kofola","price":35,"quantity":1,"categories":[],"image_path":"/uploads/products/kofola.png"}]',
  NULL,
  '17',
  'rf-payment-8006-035'
),
-- 18) -10m: Tobiáš withdraws 100 CZK at Pokladna 1
(
  '03000000000000000000000000000018',
  '00A713A700000000',
  '80000000000000000000000000000001',
  '01000000000000000000000000000001',
  '30000000000000000000000000000001',
  '40000000000000000000000000000001',
  'balance-change',
  -100,
  341, 241,
  now() - INTERVAL '10 minutes',
  '10000000000000000000000000000006',
  '[]',
  NULL,
  '18',
  'rf-withdrawal-8001-100'
),
-- 19) -5m: Ondřej pays 35 CZK (1x Kofola @35) at Občerstvení
(
  '03000000000000000000000000000019',
  '00C935C900000000',
  '80000000000000000000000000000003',
  '01000000000000000000000000000003',
  '30000000000000000000000000000001',
  '40000000000000000000000000000003',
  'payment',
  -35,
  380, 345,
  now() - INTERVAL '5 minutes',
  '10000000000000000000000000000013',
  '[{"id":"20000000000000000000000000000005","name":"Kofola","price":35,"quantity":1,"categories":[],"image_path":"/uploads/products/kofola.png"}]',
  NULL,
  '19',
  'rf-payment-8003-035'
);